{"spot_diameter_fullres": 59.509045690515705, "tissue_hires_scalef": 0.26041666, "fiducial_diameter_fullres": 96.12999688467922, "tissue_lowres_scalef": 0.078125}